model,DS1,DS2,DS3,DS4
contrast,0.344989153935554,0.674501558931882,0.459425907961656,0.51265284017659
soc,0.34117343723025,0.679944183727931,0.483012685686211,0.568841437600191
oriSurrond,0.574687396444878,0.731756216354245,0.619354280610855,0.622333279849575
normVar,0.554244566294893,0.731556868306338,0.559728886054741,0.545402735065701
