model,DS1,DS2,DS3,DS4
contrast,0.23236852651286,0.493240880547743,0.180708355447716,0.0814946626647985
soc,0.261565948484118,0.543100922149997,0.487690152262304,0.411242156155951
oriSurrond,0.424083679129227,0.572331489398922,0.338117227528707,0.216778077582545
normVar,0.54069978051407,0.613781055472119,0.60462215770841,0.609112528884826
